noise_probability,physical_error,encoded_error,theoretical_error
0.0,0.0,0.0,0.0
0.02,0.0216,0.0008,0.0011840000000000002
0.04,0.0408,0.005,0.004672000000000001
0.06,0.0572,0.0096,0.010368
0.08,0.0852,0.0222,0.018176
0.1,0.0992,0.0262,0.028000000000000004
0.12,0.131,0.0432,0.039744
0.14,0.1424,0.0552,0.053312000000000005
0.16,0.1614,0.0708,0.068608
0.18,0.188,0.087,0.085536
0.2,0.2086,0.0996,0.10400000000000002
0.22,0.2158,0.1216,0.123904
0.24,0.2492,0.1558,0.145152
0.26,0.2592,0.1696,0.16764800000000002
0.28,0.283,0.1912,0.19129600000000002
0.3,0.2984,0.2134,0.21600000000000003
